id,first_name,last_name,age,country,phone,balance
1,정호,유,40,전라북도,016-7280-2855,370
2,경희,이,36,경상남도,011-9854-5133,5900
3,정자,구,37,전라남도,011-4177-8170,3100
4,미경,장,40,충청남도,011-9079-4419,250000
5,영환,차,30,충청북도,011-2921-4284,220
6,서준,이,26,충청북도,02-8601-7361,530
7,주원,민,18,경기도,011-2525-1976,390
8,예진,김,33,충청북도,010-5123-9107,3700
9,서현,김,23,제주특별자치도,016-6839-1106,43000
10,서윤,오,22,충청남도,011-9693-6452,49000
11,서영,김,15,제주특별자치도,016-3046-9822,640000
12,미정,류,22,충청남도,016-4336-8736,52000
13,하은,남,32,전라북도,016-9544-1490,35000
14,영일,김,35,전라남도,011-4448-6198,720
15,지원,박,24,경상북도,02-3783-1183,35000
16,옥자,김,19,경상남도,011-1038-5964,720
17,병철,고,34,충청남도,016-2455-8207,440
18,광수,김,17,충청북도,016-4058-7601,94000
19,성민,김,26,충청남도,011-6897-4723,6100
20,정수,김,17,경기도,016-1159-3227,590
21,동현,신,36,경상북도,010-1172-2541,4700
22,은정,황,16,강원도,016-5956-2725,7000
23,서준,김,26,강원도,02-4610-2333,6900
24,숙자,권,33,경상남도,016-4610-3200,230
25,유진,이,24,경기도,010-2349-9997,270000
26,영식,이,39,경상북도,016-2645-6128,400000
27,진호,백,17,경상남도,011-3885-5678,18000
28,성현,박,40,경상남도,011-2884-6546,580000
29,준서,서,36,충청남도,011-8419-5766,44000
30,영수,박,37,제주특별자치도,010-1106-3465,35000
31,시우,이,25,경상남도,02-6546-9558,460
32,은주,김,38,전라북도,016-3075-6557,950000
33,준영,이,29,경상남도,010-3950-8990,52000
34,영자,백,27,전라북도,02-3971-7686,630000
35,영길,이,37,제주특별자치도,016-7770-9292,440000
36,성훈,양,16,충청남도,011-2725-8590,6200
37,예은,이,25,전라남도,016-8369-3803,4900
38,준호,심,28,충청북도,016-6703-7656,340
39,영미,곽,25,충청남도,016-8234-1908,450000
40,유진,문,16,전라남도,02-6768-7430,6400
41,정호,백,17,경상북도,02-7881-7256,570
42,선영,이,37,충청북도,011-8272-1305,570000
43,정남,윤,27,경상북도,010-9554-7310,270000
44,예은,남,17,충청북도,011-2465-6519,8200
45,중수,이,38,충청북도,02-3867-9108,780000
46,명자,김,23,전라남도,011-3545-5608,330
47,미영,김,37,경상남도,02-3446-1832,920
48,보람,이,28,강원도,02-2055-4138,210
49,영길,박,28,전라북도,02-4179-7716,600
50,은정,이,17,전라북도,011-5824-4366,970
51,영순,지,25,충청북도,02-6625-4561,5100
52,준영,윤,35,강원도,011-4625-3694,95000
53,상훈,홍,40,전라북도,016-7698-6684,550
54,영호,하,16,강원도,011-8615-2227,6100
55,미경,이,39,경기도,02-6697-3997,890000
56,지민,송,26,충청북도,010-5065-2165,460
57,보람,안,30,제주특별자치도,010-6132-4229,68000
58,영일,배,39,전라남도,010-3486-8085,280000
59,지후,엄,15,경상북도,02-6714-5416,16000
60,은영,김,30,경상북도,02-5110-2334,350
61,우진,고,15,경상북도,011-3124-1126,300
62,우진,김,31,충청북도,016-3755-6794,8100
63,도현,장,36,강원도,02-6003-4829,90000
64,경희,박,38,충청북도,02-7842-6750,1900
65,민서,송,40,경기도,011-9812-5681,51000
66,영식,이,25,전라북도,02-7917-7796,880
67,보람,허,28,충청북도,016-4392-9432,82000
68,광수,최,28,경상북도,010-8591-9541,9400
69,건우,배,33,경상북도,011-1952-5289,300000
70,순옥,김,24,제주특별자치도,016-4846-2896,1000000
71,우진,황,34,경상북도,011-9734-6132,760
72,도윤,노,28,전라남도,011-1162-6129,280000
73,동현,이,19,강원도,010-9849-2402,790000
74,승민,배,39,강원도,010-4833-9657,840
75,성수,최,19,경기도,016-7872-6841,370
76,성현,윤,20,전라북도,02-3771-8197,65000
77,예은,문,38,강원도,02-2076-3186,880
78,진우,김,37,경상북도,02-7295-4461,860
79,지원,임,24,경기도,010-1652-1668,2900
80,예지,황,18,전라남도,010-7374-4933,9400
81,명숙,진,26,강원도,010-6226-1846,690000
82,현지,김,39,충청북도,02-8468-8321,680000
83,도윤,이,22,경상북도,010-4818-9921,96000
84,지훈,이,18,강원도,010-6399-4047,300000
85,영호,김,33,강원도,010-7554-1154,63000
86,종수,김,38,전라남도,016-6487-9185,73000
87,미숙,김,19,전라북도,011-4100-7281,89000
88,현정,이,26,강원도,02-9090-4351,160000
89,성현,신,26,강원도,011-3292-2801,600
90,옥자,서,23,경기도,010-6487-5091,430000
91,민재,김,39,경상남도,011-5298-5280,6600
92,미경,박,35,경상북도,010-5203-5705,300
93,하은,손,18,전라남도,02-9618-1232,4800
94,순옥,오,28,경기도,016-9248-5012,420
95,민재,박,26,제주특별자치도,011-1808-7167,720000
96,영미,장,39,제주특별자치도,016-5533-2063,5100
97,경자,김,38,충청남도,016-7677-2212,81000
98,은경,서,19,제주특별자치도,011-7368-2620,210000
99,우진,성,32,전라북도,010-7636-4368,150
100,재현,김,25,경상북도,016-1252-2316,210
101,선영,손,35,경상북도,010-6837-7763,230
102,춘자,오,39,경상북도,010-1219-1759,830
103,성호,송,29,전라북도,010-6320-4042,790000
104,정호,문,22,경기도,011-5172-8956,520000
105,경수,송,21,경상남도,011-9998-6827,790
106,영철,장,25,전라북도,02-5102-3485,15000
107,승민,이,18,전라북도,010-2641-3666,44000
108,상철,최,22,경기도,011-4061-3548,34000
109,명숙,이,17,강원도,016-4860-7098,1000
110,중수,전,26,강원도,010-8109-3838,300
111,상훈,이,23,전라북도,010-9288-8921,950000
112,현지,조,32,전라남도,02-5442-2110,430000
113,시우,박,38,전라남도,011-3448-5883,98000
114,유진,박,36,충청남도,011-5405-2990,620000
115,은경,황,32,충청북도,011-2600-7171,6300
116,상현,장,25,강원도,011-8461-8156,94000
117,경수,황,26,경상남도,011-7902-6188,53000
118,영철,김,22,경기도,011-4326-2586,940
119,진우,김,20,경상남도,011-4625-2065,4200
120,수진,이,16,전라북도,02-7727-7586,210
121,하은,김,39,제주특별자치도,010-5678-5193,950
122,서연,류,32,제주특별자치도,011-9221-7526,1800
123,광수,문,40,강원도,016-5276-9471,640000
124,상현,나,30,경상북도,010-4571-2869,99000
125,우진,한,15,강원도,011-8068-4814,3300
126,성민,이,36,충청북도,010-8074-7859,470
127,승민,김,34,충청남도,016-5262-1090,520
128,서영,박,32,충청남도,016-9416-3484,80000
129,정훈,권,30,충청남도,016-1123-4277,78000
130,서윤,박,18,경기도,02-2771-2036,6300
131,정순,박,25,강원도,016-8520-3389,52000
132,영미,장,26,경상남도,016-5085-2634,190000
133,은정,강,20,경상북도,010-9653-2766,74000
134,민준,윤,19,충청남도,011-6434-6364,64000
135,명숙,홍,28,충청북도,011-2795-4104,690
136,예진,김,19,경상북도,010-9405-9232,5100
137,영진,이,37,충청북도,010-8343-3778,510
138,영수,김,40,전라남도,016-9648-8312,1000
139,진호,김,23,제주특별자치도,010-5894-6361,530
140,준서,백,26,충청남도,010-7744-7538,42000
141,성호,윤,20,전라북도,02-5173-7802,73000
142,명숙,이,31,경상남도,02-6874-3641,5800
143,서연,박,30,충청남도,016-9420-4575,880000
144,은영,이,15,전라남도,010-5284-4904,78000
145,미영,김,26,강원도,011-6887-9774,41000
146,영수,김,20,충청남도,010-3678-5515,41000
147,영순,김,17,강원도,02-3854-4736,780000
148,동현,윤,17,제주특별자치도,02-6397-7473,48000
149,정훈,최,37,제주특별자치도,011-8175-5065,560
150,준서,심,22,경상북도,016-6885-9932,330000
151,수빈,이,16,경기도,016-5145-5802,4000
152,순옥,성,23,제주특별자치도,011-4667-2759,160
153,예지,이,35,경상북도,02-5185-9214,580
154,은영,이,24,경상북도,011-8488-8656,7000
155,은경,김,27,제주특별자치도,010-4403-5049,770
156,영일,남,37,경기도,010-7094-4285,640000
157,보람,박,34,강원도,010-5738-8276,880000
158,순자,김,27,제주특별자치도,011-2577-3131,570
159,지후,송,27,충청북도,011-8097-5542,3200
160,경숙,이,28,충청남도,010-8429-3275,2000
161,미경,황,17,전라북도,016-1665-7441,3200
162,정숙,이,37,전라북도,02-7444-1902,78000
163,옥순,박,24,전라북도,016-5562-5105,440
164,정남,김,31,충청남도,02-8724-9504,7500
165,병철,최,24,강원도,011-2107-1908,920
166,영길,류,22,전라북도,02-2797-7052,2600
167,상호,김,37,경상북도,016-5795-4263,960000
168,상호,홍,19,전라북도,010-4752-7920,840000
169,영수,이,26,강원도,02-5133-2831,540000
170,명자,박,29,전라남도,02-3856-1966,7000
171,옥순,김,36,경상북도,011-6047-2082,19000
172,정순,이,40,경기도,010-8950-4194,2000
173,옥자,김,32,충청남도,011-2577-5827,8700
174,영환,박,32,충청남도,016-3231-6173,300
175,상호,이,34,제주특별자치도,010-6208-5500,540
176,정식,김,30,경상남도,011-2404-7975,22000
177,현주,손,39,경기도,010-3563-3471,430
178,성훈,김,19,경기도,010-4587-1655,36000
179,은지,박,25,경기도,02-7589-5647,6700
180,시우,허,28,경기도,011-5404-8368,10000
181,도현,박,35,전라북도,011-7380-4225,7800
182,윤서,강,40,전라남도,016-1307-1858,21000
183,영호,박,35,경기도,02-5201-8520,37000
184,성호,진,17,충청남도,010-1312-1745,830000
185,수민,김,18,전라북도,02-1729-3895,76000
186,시우,김,40,경상북도,010-4843-5973,69000
187,병철,강,17,전라남도,016-6583-2201,5900
188,영미,최,27,경기도,010-3800-8842,81000
189,상호,최,35,경상북도,02-5621-2293,620000
190,은서,김,17,경기도,02-6788-2528,830000
191,경희,서,26,전라남도,010-3984-3599,45000
192,은지,김,39,경기도,011-5414-2949,8400
193,영수,김,16,경상남도,011-1528-3251,3500
194,영수,김,30,경상남도,02-8636-7469,39000
195,정식,이,26,충청북도,016-7747-8259,33000
196,지훈,김,15,전라북도,02-9385-7954,760
197,보람,이,34,전라북도,011-9825-3449,50000
198,우진,이,28,제주특별자치도,010-2387-4801,380000
199,영미,차,22,충청남도,010-9726-7971,94000
200,영희,이,16,충청북도,016-1552-8970,630
201,예준,김,39,전라북도,02-4241-6543,2200
202,도윤,김,21,제주특별자치도,010-6813-1706,350000
203,혜진,배,39,경기도,010-6843-9525,5900
204,준혁,김,27,경상남도,02-3361-2918,66000
205,윤서,장,16,전라북도,02-5001-5247,940
206,성민,김,37,경상남도,02-5536-6413,59000
207,영식,김,20,전라북도,016-6165-6071,590000
208,수민,김,36,경상북도,016-3424-9936,160
209,수빈,윤,24,경상남도,016-7903-6998,550
210,정순,박,38,경기도,011-1100-9268,250
211,지아,이,21,강원도,010-2329-2827,5300
212,지현,김,25,경상북도,011-2934-1710,510
213,승현,오,39,경상북도,016-9051-8725,9200
214,명자,김,32,전라남도,016-2871-7505,160
215,재호,권,19,경기도,010-4943-4065,10000
216,동현,서,32,경상북도,016-1486-2112,820
217,옥자,양,38,경상북도,016-1903-2236,72000
218,현준,최,39,전라북도,02-5493-3102,93000
219,서준,김,40,충청남도,016-3839-4943,870
220,아름,이,31,강원도,016-4933-6793,350
221,수빈,조,33,전라남도,010-9287-9216,85000
222,재현,김,33,전라남도,016-5472-7495,3700
223,승현,장,15,충청북도,016-5731-8009,450
224,정식,권,23,경기도,011-3884-4722,740
225,춘자,이,32,전라북도,011-8215-1798,56000
226,민수,최,39,경기도,011-2459-6948,870000
227,진우,이,26,전라남도,016-4576-5502,930
228,춘자,박,16,경기도,010-4781-3779,33000
229,영진,홍,39,제주특별자치도,010-4852-7016,4800
230,성수,최,18,경기도,016-6314-5581,450
231,미숙,하,23,전라북도,011-9896-8470,52000
232,예진,최,30,충청북도,010-6867-7344,7500
233,상철,윤,35,전라남도,02-4382-6827,6500
234,혜진,한,32,전라북도,016-2760-8919,690
235,정호,이,20,전라북도,011-1193-3920,99000
236,서준,김,35,경상북도,016-8641-8844,89000
237,옥자,홍,22,전라남도,02-6242-4531,2300
238,영길,윤,21,전라북도,02-4163-5074,4300
239,은지,최,30,제주특별자치도,011-6385-1851,630000
240,현준,황,37,충청북도,011-5114-9343,220
241,춘자,홍,35,전라남도,010-5542-7149,16000
242,영숙,김,19,제주특별자치도,016-2811-6744,6400
243,재현,우,25,경상남도,011-1495-7072,5400
244,순옥,홍,36,경기도,011-6609-7454,1600
245,영환,김,31,경상북도,016-5927-3539,71000
246,지후,홍,21,강원도,011-2632-7211,690000
247,성수,백,33,전라남도,010-3523-3951,680000
248,영환,김,23,전라북도,016-7317-8512,26000
249,성민,김,34,충청북도,011-2730-4013,33000
250,진우,이,23,전라남도,010-8473-6464,77000
251,민석,권,35,전라북도,010-2661-5303,5700
252,지혜,김,40,충청북도,016-5389-6478,610000
253,진우,김,29,강원도,016-9924-9778,300
254,미영,전,39,강원도,016-3947-1150,550000
255,미영,주,18,경상남도,016-1873-2297,810000
256,춘자,박,19,강원도,02-3865-5664,390
257,선영,박,28,제주특별자치도,02-1723-8868,9200
258,수민,이,32,경상남도,011-6203-9455,6500
259,상철,이,17,전라북도,011-3990-3978,99000
260,주원,김,15,전라남도,02-4240-8648,6300
261,아름,이,35,경기도,02-8748-9179,5800
262,영일,전,19,충청북도,02-5875-3666,1800
263,은경,최,20,전라남도,02-8662-8794,56000
264,영진,오,16,경기도,02-1097-7125,400
265,성수,문,26,제주특별자치도,011-5877-4804,660
266,예준,박,18,경기도,010-8795-9979,8600
267,현정,최,38,전라남도,010-3728-8809,9000
268,진호,백,29,전라남도,02-4901-3223,8700
269,상훈,이,26,경상북도,016-8288-3106,290
270,승민,임,28,전라남도,02-8501-4271,47000
271,은정,나,17,강원도,010-7957-7721,42000
272,상훈,장,21,충청남도,02-7637-5961,300000
273,동현,문,16,경상북도,011-5926-2169,900000
274,은서,양,33,경기도,010-4581-2578,520
275,건우,윤,16,충청북도,02-4721-7244,79000
276,명자,남,17,경상남도,02-6841-3665,7700
277,정자,이,16,전라북도,016-9313-2431,77000
278,건우,박,33,경기도,016-3819-6137,640
279,정식,김,29,충청북도,016-9461-1578,2100
280,영자,최,32,강원도,016-1983-9059,500000
281,현정,김,31,전라북도,02-4837-5165,100000
282,영수,강,32,제주특별자치도,010-5177-5210,8800
283,현정,문,16,경상남도,02-6939-5376,300000
284,중수,김,22,전라남도,011-5583-4499,580
285,영숙,박,29,제주특별자치도,011-7322-7567,3900
286,서윤,이,20,제주특별자치도,02-1531-6583,62000
287,준영,이,30,전라남도,010-7339-8068,71000
288,정호,박,31,충청남도,010-8541-7971,2000
289,유진,박,17,강원도,016-5802-9135,300
290,재현,진,16,강원도,011-8791-9431,450000
291,유진,최,33,경상북도,010-6942-7415,8600
292,중수,노,19,경상남도,016-2281-8870,590
293,서영,김,35,충청북도,011-5971-4014,7800
294,은정,이,15,경상북도,010-6099-6176,5900
295,정수,강,15,충청북도,02-7245-5623,500
296,미영,문,31,전라남도,016-3620-8275,980000
297,영수,조,24,충청남도,02-8086-8677,920
298,지민,안,33,전라북도,010-8110-9118,300
299,지영,이,17,경상남도,011-3256-2593,53000
300,민수,김,23,경상남도,011-4477-7203,2400
301,재호,류,33,제주특별자치도,016-1347-8249,6300
302,민재,김,31,충청남도,010-9555-9513,940000
303,성민,김,19,경상남도,016-4048-6380,470
304,도윤,안,33,경기도,02-6183-4627,760000
305,수진,김,17,제주특별자치도,016-4284-1298,98000
306,준혁,박,22,제주특별자치도,011-3859-8933,8000
307,성진,송,35,전라북도,02-7184-4607,27000
308,경숙,류,32,충청남도,02-9922-5019,42000
309,준호,주,25,전라남도,016-8713-2887,560000
310,은영,박,20,충청북도,016-1196-9842,640
311,은영,최,38,충청북도,010-9922-8130,24000
312,하윤,조,23,전라남도,016-7494-9459,940000
313,영수,이,22,경상북도,016-4554-5400,840
314,재호,배,19,경기도,011-2267-8077,910000
315,예준,김,15,충청남도,02-9726-5034,76000
316,서현,한,36,경기도,010-5718-6880,480
317,정순,이,18,강원도,010-9436-3469,890
318,미경,김,36,제주특별자치도,02-7750-1781,2200
319,현지,오,18,강원도,016-8240-3463,470000
320,순옥,송,16,경상북도,02-4584-5915,6800
321,성민,이,23,전라북도,016-6681-2645,18000
322,건우,김,25,충청남도,016-6138-4442,67000
323,수민,이,25,충청남도,010-5338-1132,39000
324,성현,강,33,제주특별자치도,011-9295-9223,210000
325,명자,홍,19,강원도,016-7893-6395,72000
326,명자,한,34,경상남도,016-7568-8937,53000
327,하윤,고,32,제주특별자치도,02-7876-4073,980000
328,옥자,김,26,전라남도,010-9014-2298,66000
329,춘자,이,20,충청북도,010-2782-9350,350000
330,지원,배,26,경기도,02-1944-3655,630
331,예준,김,15,충청북도,016-3898-3279,150000
332,숙자,최,30,경상남도,02-2710-4711,550000
333,현숙,김,37,강원도,02-2389-8172,170
334,지연,김,31,전라북도,02-1196-3582,180000
335,민석,박,23,충청남도,016-7950-9647,920000
336,민서,홍,18,경기도,010-9443-7839,3100
337,지아,김,24,전라북도,010-8210-6355,800
338,명숙,김,24,강원도,011-8408-3285,7700
339,우진,장,25,경기도,02-4218-9511,270
340,지아,강,18,전라북도,011-2977-8185,790000
341,지후,김,16,경상남도,010-7017-1269,560
342,상철,우,22,충청북도,02-1089-6693,1000000
343,순자,최,29,경기도,02-7527-6654,9500
344,정자,진,31,경상북도,016-7835-2330,38000
345,재호,김,32,전라북도,010-3016-5350,65000
346,지연,송,40,전라북도,010-2202-7387,8700
347,성수,김,22,충청남도,02-1455-7111,9500
348,영호,홍,32,경상북도,010-9558-9061,50000
349,명숙,최,20,강원도,02-6403-1046,880000
350,재호,서,39,경기도,010-9863-3129,6800
351,춘자,장,21,제주특별자치도,016-8501-1841,8100
352,동현,김,17,제주특별자치도,011-5734-6231,930
353,민재,김,18,강원도,02-8809-8559,310
354,준혁,박,22,제주특별자치도,016-5589-1618,850
355,유진,황,26,제주특별자치도,016-8933-1843,50000
356,하윤,최,40,충청남도,016-6298-4892,620
357,은정,유,17,강원도,016-8867-7897,980000
358,은영,문,22,제주특별자치도,016-1510-9345,710
359,서영,김,15,강원도,010-4016-6803,53000
360,현주,곽,30,충청북도,02-1553-2836,800
361,숙자,이,34,전라북도,016-7337-1720,760
362,영순,윤,37,경상북도,011-2478-9733,6300
363,정숙,김,17,경상북도,02-6865-1656,7400
364,민서,김,26,충청남도,010-6079-8791,98000
365,상호,김,40,제주특별자치도,010-5658-8323,3300
366,윤서,조,32,제주특별자치도,02-9617-7435,760000
367,민지,장,16,경기도,011-3918-8338,18000
368,준영,박,40,경기도,02-3676-9277,630
369,보람,김,22,충청남도,02-5179-4220,590000
370,진호,민,36,경상남도,02-5497-1785,1000000
371,정숙,김,25,충청남도,011-7736-3189,65000
372,명자,홍,18,경상남도,016-1527-4820,76000
373,상현,황,32,전라남도,010-3270-2036,3700
374,진우,김,15,충청남도,016-6701-6237,72000
375,영식,김,28,경상북도,016-3804-7520,480000
376,정남,주,33,제주특별자치도,02-1116-3036,790
377,상훈,장,29,경상남도,016-6311-8728,700000
378,미숙,류,37,충청북도,016-4567-8723,320
379,정수,김,29,전라남도,016-5032-4869,3200
380,진우,김,28,충청남도,02-9703-3321,4600
381,영일,김,38,충청남도,010-7226-8355,5200
382,현우,이,23,전라남도,010-2553-4552,820
383,영순,장,24,충청남도,010-9080-4479,8800
384,예원,노,20,경상북도,02-8791-9848,40000
385,도현,김,24,충청북도,02-2884-3419,54000
386,옥자,심,31,경기도,016-9873-3794,330000
387,광수,김,32,충청남도,02-7695-5421,150
388,영식,하,17,경상북도,011-1322-8609,4200
389,도윤,이,32,경상남도,011-1049-7791,80000
390,민지,김,38,전라북도,02-6056-8476,63000
391,영진,오,26,경기도,010-7718-4633,430
392,선영,고,39,제주특별자치도,016-5753-3848,9200
393,성수,이,24,경기도,02-5140-2249,890
394,정호,지,29,전라남도,010-3169-1112,20000
395,성민,김,25,경상북도,016-5024-7052,430
396,명숙,이,32,충청북도,016-6855-1887,6500
397,미숙,이,34,경상남도,016-7430-8714,9800
398,순자,한,34,강원도,010-6690-7302,65000
399,재현,장,40,경상남도,010-6572-4416,410000
400,주원,박,17,경상남도,011-6279-9843,750
401,영수,김,37,경상남도,011-8128-1770,830000
402,정숙,김,38,제주특별자치도,02-7766-4666,44000
403,도현,심,23,경기도,02-8823-4172,160000
404,춘자,김,20,전라남도,010-8075-2765,25000
405,예원,윤,31,충청북도,010-9988-3710,7700
406,영순,김,19,충청북도,011-2490-4249,870000
407,우진,박,37,제주특별자치도,011-7179-4134,2200
408,상훈,차,40,충청남도,016-9270-8973,68000
409,옥순,이,26,제주특별자치도,010-7020-8622,19000
410,상훈,김,37,경기도,02-8773-3807,630
411,지민,류,36,경기도,016-7194-8424,1900
412,우진,김,36,전라남도,02-4062-8077,21000
413,예진,한,21,경상남도,010-3849-5324,56000
414,상철,김,17,충청북도,011-9981-1848,820
415,지원,송,18,전라북도,02-7021-8436,190000
416,종수,홍,25,강원도,02-5010-9571,8700
417,주원,황,37,전라남도,016-9864-8415,390000
418,은영,안,34,경상남도,010-4344-5733,600
419,은정,김,23,경기도,010-2660-2559,3000
420,지후,김,34,전라남도,016-2685-1936,92000
421,지영,김,29,전라남도,010-1537-8622,2800
422,준서,김,29,전라남도,011-2357-2369,39000
423,지민,윤,32,경상북도,02-4280-1352,34000
424,현준,최,24,제주특별자치도,02-3198-5449,1900
425,도현,최,33,전라남도,02-2784-1123,530000
426,은서,김,16,제주특별자치도,02-9359-2362,220
427,지아,이,16,충청북도,016-9586-8772,39000
428,미영,김,25,전라남도,011-2222-4790,58000
429,경희,이,38,전라남도,016-3128-9136,550
430,정호,손,16,충청북도,011-5676-9659,90000
431,중수,문,40,충청남도,02-8624-5320,9200
432,서윤,김,26,충청북도,010-2051-6723,18000
433,서연,박,26,충청남도,02-1387-1961,5000
434,준호,장,31,전라남도,010-3289-2187,43000
435,상현,오,15,경상남도,010-4981-4646,390
436,성수,김,30,전라북도,011-8471-7162,480
437,하은,민,37,경기도,011-5657-5824,3000
438,정호,강,22,제주특별자치도,016-8207-6567,880000
439,정숙,김,27,충청북도,010-2734-6023,4700
440,준서,장,20,전라북도,016-9482-3933,52000
441,영환,김,20,전라북도,016-2748-5881,400
442,영자,이,36,강원도,02-3661-9359,170
443,상호,이,18,경상북도,02-2213-5964,850
444,영길,이,19,경상남도,02-6631-9513,6000
445,은영,박,25,경상남도,016-6488-1592,9400
446,영일,김,40,충청북도,02-1075-1217,490000
447,민석,한,25,제주특별자치도,011-1177-4793,800000
448,춘자,김,29,전라북도,010-2200-9788,460000
449,상훈,신,30,제주특별자치도,02-7945-7727,690
450,영호,박,25,충청남도,016-3343-4530,93000
451,민준,박,25,강원도,02-3623-1098,1800
452,민석,우,17,전라남도,016-1247-1749,6700
453,주원,이,37,제주특별자치도,016-8712-3483,50000
454,영수,차,38,전라남도,02-3131-3332,940000
455,정희,권,32,강원도,016-6212-1617,7700
456,정식,이,24,경상남도,02-2002-7877,930
457,수진,김,23,제주특별자치도,011-8714-7214,95000
458,예진,김,26,충청북도,011-6200-5435,4200
459,성현,한,32,경상북도,010-3913-7217,6100
460,성진,이,20,전라북도,016-9236-4683,690000
461,상호,이,25,전라북도,02-4972-2281,20000
462,진우,오,17,경상북도,02-3476-8318,280
463,예지,김,16,전라북도,011-6398-9384,9100
464,영미,류,34,충청북도,016-2669-9427,530000
465,지은,이,33,전라남도,011-8137-2938,95000
466,미영,우,29,전라북도,016-4415-5283,22000
467,경자,김,37,전라북도,02-7802-1050,410000
468,건우,안,25,전라남도,016-2041-3008,760
469,민수,강,35,전라남도,010-1561-7940,570000
470,지혜,이,31,경상남도,02-2714-5281,43000
471,민수,권,23,제주특별자치도,02-6439-9864,5900
472,광수,손,32,강원도,02-8796-4933,81000
473,상철,최,26,충청북도,02-4411-5325,38000
474,재호,양,38,제주특별자치도,010-1685-1500,2900
475,성호,홍,38,충청북도,010-7044-4881,240000
476,예은,김,22,경기도,010-1510-7033,5400
477,상현,김,18,충청남도,016-1782-1818,41000
478,우진,오,26,경기도,010-4705-2949,760
479,정훈,김,21,경상남도,016-8683-9919,710000
480,영길,박,24,경상남도,016-3248-9284,7700
481,미숙,이,34,강원도,02-3669-1824,30000
482,정남,박,15,경상북도,010-3772-2402,660000
483,민재,김,35,충청북도,02-4213-7767,450000
484,현주,장,19,경상남도,016-2920-6177,30000
485,옥자,이,22,경기도,010-7958-3696,5700
486,지민,이,27,제주특별자치도,02-4088-5259,690000
487,정숙,노,16,전라북도,011-7889-2270,47000
488,영식,김,27,충청북도,016-6488-3198,570000
489,영순,김,32,전라남도,010-1041-4528,30000
490,정식,김,27,전라북도,011-8154-8633,330000
491,영철,김,28,충청북도,010-7242-1903,510
492,지혜,박,27,충청남도,02-8436-1627,470000
493,주원,한,15,전라남도,010-1263-8733,960
494,서윤,박,15,제주특별자치도,010-7766-3169,370
495,정호,백,36,제주특별자치도,011-7214-3054,220000
496,윤서,김,31,경기도,02-3718-2203,22000
497,영자,주,39,경상북도,02-5773-2288,5100
498,지아,남,38,전라북도,016-9287-4760,610
499,옥자,이,19,전라북도,011-4140-8245,580
500,지아,최,16,전라북도,02-4150-9018,9900
501,민지,노,25,제주특별자치도,016-9008-6358,3400
502,준호,최,32,충청북도,010-5271-7256,310000
503,지우,장,22,전라남도,011-2395-6180,98000
504,정순,장,16,제주특별자치도,011-5017-1636,67000
505,윤서,오,40,제주특별자치도,010-1747-6073,550000
506,명숙,박,37,충청남도,010-4694-1044,19000
507,수민,김,17,강원도,016-7957-2903,390
508,상현,이,22,충청북도,011-8974-1997,940000
509,정호,홍,28,전라북도,011-6291-9350,9300
510,지은,최,15,충청북도,02-5014-7779,5800
511,지연,장,27,충청남도,011-5108-1476,72000
512,영희,박,40,충청남도,02-7622-9032,54000
513,현정,이,20,전라남도,016-5039-7555,840
514,도현,김,32,경상남도,02-6252-1831,150000
515,보람,최,37,경상북도,016-2803-1621,1700
516,도윤,이,19,경기도,010-2868-9081,46000
517,영호,곽,28,전라남도,011-4395-8451,410000
518,우진,권,31,전라남도,011-1618-7605,5700
519,지훈,최,16,전라북도,011-6595-4555,24000
520,명자,서,37,강원도,02-9164-3021,2700
521,경희,황,39,경기도,010-9911-4073,6500
522,현지,이,20,경상남도,02-6804-1006,46000
523,현준,송,18,강원도,010-3227-9005,290
524,병철,장,24,충청남도,02-4392-5757,9800
525,지혜,이,38,강원도,010-7726-3907,270
526,주원,하,34,경상남도,011-9244-3356,30000
527,미정,이,28,전라남도,011-7971-8867,2500
528,영희,김,22,경상남도,02-1259-1073,900
529,정웅,박,16,경기도,010-8178-3200,740
530,현우,김,18,강원도,02-1646-5712,30000
531,상호,박,28,제주특별자치도,011-8082-3026,290
532,정순,김,35,전라남도,011-6381-5336,5100
533,준혁,최,34,경기도,011-7048-9636,88000
534,보람,김,33,경상북도,010-5129-5704,100000
535,승민,박,15,경상북도,02-6391-4877,7900
536,성수,박,16,제주특별자치도,016-4646-2495,37000
537,서준,이,17,전라북도,011-6499-6129,730
538,정순,이,15,충청북도,010-4668-8563,220
539,경숙,이,31,제주특별자치도,011-9212-2703,47000
540,서준,김,16,충청남도,011-5756-3077,8500
541,경수,류,21,제주특별자치도,016-8247-7262,390000
542,민재,이,30,강원도,010-3633-5281,690
543,우진,박,17,강원도,010-9844-3219,260
544,순자,송,23,경상북도,010-8657-3489,28000
545,경숙,김,38,경상남도,016-2193-9705,260
546,준혁,강,39,경상북도,010-1336-6484,88000
547,윤서,김,27,제주특별자치도,010-4891-9495,9300
548,하은,오,35,충청북도,016-9336-1966,71000
549,하윤,이,15,강원도,010-6971-4911,47000
550,성훈,이,36,경상남도,016-2786-7882,600000
551,경수,문,31,경기도,010-3420-2047,63000
552,지훈,한,38,강원도,016-8938-3169,540000
553,은서,윤,17,경상북도,011-3378-5908,270
554,정자,손,28,충청남도,02-4463-5092,9000
555,지후,박,34,제주특별자치도,011-2174-3717,690000
556,지후,이,19,경기도,011-4969-6922,100000
557,성현,구,17,경상북도,02-6437-1323,7900
558,정호,백,27,충청북도,02-9632-2618,50000
559,정호,류,17,전라북도,011-2183-8890,41000
560,은경,박,38,충청북도,02-5232-8835,730
561,진우,김,23,제주특별자치도,016-2931-7731,9200
562,경숙,고,29,강원도,02-3640-9133,7500
563,지우,이,29,전라남도,016-2632-1663,29000
564,정식,장,40,제주특별자치도,011-5410-5017,970000
565,성훈,김,29,전라북도,016-6420-6827,810000
566,윤서,강,36,전라남도,010-4837-1482,5900
567,혜진,김,27,경상남도,010-3762-9647,52000
568,지영,송,16,전라북도,02-7379-9590,6100
569,춘자,권,27,경상북도,010-8202-5361,69000
570,서영,박,23,경기도,011-9408-5370,390
571,시우,백,20,강원도,010-2763-5527,3800
572,은주,홍,38,충청북도,011-6064-8686,840000
573,영진,최,39,제주특별자치도,016-5318-1871,810
574,지원,김,20,충청북도,02-2140-8121,2800
575,서준,김,39,경상남도,02-8380-1184,410000
576,순자,허,16,전라북도,011-3352-4360,51000
577,상현,박,23,강원도,02-3505-7392,2300
578,예은,김,22,경상북도,011-1464-2654,62000
579,건우,김,36,경기도,010-2507-6473,180000
580,현준,윤,31,경상남도,010-2407-7369,7400
581,현우,지,21,제주특별자치도,02-5335-1067,460
582,진호,류,20,경기도,016-1779-8334,59000
583,서연,김,40,전라남도,02-8483-6400,960
584,영호,백,31,경상북도,02-7898-8922,440000
585,혜진,황,24,강원도,02-5896-4169,950
586,정수,김,31,충청남도,02-3019-4538,46000
587,주원,허,18,전라북도,02-2886-2633,460
588,지훈,김,27,전라북도,016-2723-3648,6200
589,상철,권,21,경상북도,016-7175-2485,4100
590,영환,이,26,충청남도,011-4292-4569,2600
591,선영,김,28,제주특별자치도,016-2101-9149,590
592,시우,박,34,경상남도,010-5783-7275,640000
593,지아,이,30,충청남도,016-6579-2355,590000
594,정수,오,40,강원도,011-2289-7931,980
595,순자,박,26,경기도,010-9026-5383,960
596,영희,이,21,충청남도,011-7601-6225,760000
597,윤서,김,36,전라북도,011-2235-2488,770
598,현우,이,18,충청남도,010-7023-3531,410
599,민석,장,16,충청남도,011-1773-9095,610000
600,예지,이,35,전라남도,010-5811-7268,7400
601,재호,이,20,전라북도,010-3059-8786,1000000
602,지민,정,15,제주특별자치도,02-2765-8053,630000
603,상현,김,28,경상북도,010-7463-8843,730
604,지원,강,19,강원도,011-8678-4571,600
605,정숙,이,20,제주특별자치도,010-7554-4713,92000
606,준혁,배,37,전라남도,011-4407-8758,2900
607,성민,윤,36,전라북도,02-2878-7774,3300
608,건우,김,25,경기도,011-6845-1658,40000
609,명숙,홍,39,경상북도,010-6569-7665,310000
610,선영,박,27,전라남도,011-1680-4150,21000
611,순옥,김,22,전라북도,010-5070-6788,3500
612,경자,최,33,강원도,02-2509-9610,660
613,지훈,이,28,전라북도,016-9623-2809,3600
614,정순,김,30,경상남도,016-8016-6818,330
615,미숙,이,18,경상남도,02-8038-8816,390000
616,순자,손,16,경상북도,02-3439-7630,42000
617,중수,박,32,충청남도,011-9075-3398,42000
618,지혜,우,18,제주특별자치도,016-7631-9755,9400
619,수빈,이,18,충청북도,016-8738-3202,950000
620,옥순,이,31,경상북도,011-6825-8735,580
621,민준,강,21,제주특별자치도,010-3698-2359,1000000
622,지원,서,30,제주특별자치도,02-5671-3560,53000
623,보람,김,23,전라남도,010-1666-7336,27000
624,상현,김,20,전라북도,010-3425-4813,2200
625,준혁,안,16,경상북도,016-2125-5767,68000
626,하은,유,30,강원도,02-7925-3937,8500
627,선영,김,37,전라북도,02-1610-2940,990000
628,성훈,손,25,전라북도,02-1406-7894,91000
629,도윤,이,34,경상남도,016-7907-4736,6400
630,상철,김,25,전라남도,010-3851-6257,460000
631,민재,송,25,경기도,02-9769-4574,79000
632,재현,전,36,전라북도,016-9873-5921,62000
633,민서,박,22,경기도,010-8336-2139,4200
634,현준,유,22,경기도,02-9660-1212,520
635,도윤,나,39,경기도,02-8340-7646,290
636,종수,박,22,충청남도,02-4633-1654,530
637,영철,김,39,경상남도,011-6912-3958,700000
638,경수,김,23,제주특별자치도,010-4140-8681,380000
639,명자,문,19,충청남도,010-2850-3048,380
640,중수,김,40,전라남도,016-4429-7428,440000
641,성현,이,34,경기도,016-5313-5894,820000
642,수빈,권,16,전라북도,010-8858-3373,740000
643,옥자,이,40,경상북도,02-8753-9883,760
644,영순,강,33,전라남도,016-8818-9978,380000
645,서준,김,39,경상남도,011-6253-5036,60000
646,정웅,김,27,충청북도,016-7610-6554,180
647,영길,김,34,제주특별자치도,016-4685-3023,720
648,승민,김,29,전라남도,011-6191-9838,75000
649,현정,박,28,경상남도,011-1127-6315,410000
650,은주,김,19,전라북도,02-6610-5353,72000
651,미정,고,16,경기도,011-3560-7708,70000
652,서연,최,38,경상남도,010-5750-7100,8600
653,미영,권,17,경기도,02-5427-6604,730000
654,정수,류,31,충청남도,02-1144-4708,97000
655,은지,이,40,충청북도,010-6366-9049,98000
656,영숙,최,19,제주특별자치도,011-4923-9855,32000
657,지현,오,21,전라남도,011-8083-4005,46000
658,승현,최,16,전라북도,011-1195-5372,580000
659,지후,차,15,충청남도,010-8781-7895,3000
660,준호,김,33,경기도,011-3937-1125,650000
661,종수,이,29,제주특별자치도,010-5981-6169,950
662,도윤,김,24,충청북도,011-6980-2037,430
663,순자,최,23,전라남도,011-9089-2154,600
664,혜진,이,34,경상북도,010-5876-8775,2900
665,민석,최,21,충청남도,011-6627-7207,3000
666,중수,안,29,경기도,016-4906-7407,46000
667,은서,김,27,강원도,016-1826-3550,86000
668,상훈,최,32,충청북도,011-8317-3610,2800
669,영자,성,21,충청남도,016-6641-5295,7100
670,수빈,김,21,제주특별자치도,010-4165-4448,10000
671,건우,김,16,제주특별자치도,010-7953-3308,1000
672,지은,김,25,전라남도,016-9854-5240,81000
673,영일,이,33,충청남도,016-9180-6752,4300
674,은서,이,35,경상북도,016-4749-1152,730
675,영일,남,28,경상남도,010-8139-6909,460000
676,경수,황,19,강원도,016-5054-5748,530
677,서영,오,25,충청남도,02-7094-8511,900000
678,종수,이,37,강원도,010-5157-3708,2000
679,건우,김,30,경상남도,011-1999-9230,420000
680,예원,윤,17,경기도,016-2327-2415,83000
681,민석,김,18,경기도,016-5173-8916,93000
682,순자,김,40,경상남도,02-9564-8258,190
683,성진,고,33,경기도,02-3697-4849,590
684,영일,안,22,충청북도,011-3488-3813,8300
685,영일,최,18,충청북도,011-7456-2715,730
686,민수,김,26,제주특별자치도,010-6176-1642,6400
687,상훈,김,23,전라남도,02-8408-8419,470000
688,진호,김,37,제주특별자치도,02-9676-9758,170
689,경수,손,18,강원도,010-9566-7719,74000
690,경수,정,38,전라북도,010-1033-9833,690
691,지아,박,37,충청북도,016-6687-3615,2300
692,정자,이,29,경상북도,02-9517-3848,32000
693,영환,지,15,경기도,02-4678-3830,1700
694,영미,박,29,전라북도,011-3901-1307,88000
695,민서,김,39,경상북도,016-1423-2043,3400
696,지은,김,16,경상남도,02-2378-4310,560
697,은주,오,40,전라남도,011-6987-1157,98000
698,서준,김,18,충청북도,011-3947-4660,5800
699,경숙,이,29,전라남도,010-8132-9364,400
700,정훈,박,22,강원도,016-3462-7903,51000
701,민준,이,16,제주특별자치도,02-8460-2990,260
702,영진,김,37,전라남도,010-4398-6039,870000
703,아름,이,25,경상북도,011-1361-1552,360
704,수빈,김,16,충청북도,011-3345-2333,92000
705,경숙,김,23,충청남도,011-7488-2746,640
706,지현,안,17,제주특별자치도,016-8574-8585,900
707,유진,김,21,강원도,010-6327-7560,460000
708,지우,강,24,전라남도,016-8300-7103,49000
709,윤서,한,22,충청북도,016-1264-5703,310
710,예진,황,25,충청남도,02-8078-3022,580000
711,영진,윤,36,제주특별자치도,016-3673-7809,5000
712,선영,강,37,제주특별자치도,016-7061-3645,740000
713,영숙,이,25,경상남도,02-1498-9659,7200
714,서윤,이,33,경상남도,02-6810-6517,20000
715,정호,이,25,제주특별자치도,016-9337-5813,1900
716,현정,김,20,충청북도,016-4209-7809,8900
717,명숙,권,37,경상남도,02-7285-9162,8400
718,영숙,엄,36,경상남도,011-7134-3744,6800
719,경숙,박,31,충청북도,02-6032-8185,670000
720,민수,김,37,전라북도,016-3638-4890,7900
721,채원,김,34,경상북도,010-2188-6524,700000
722,영환,장,32,강원도,011-4993-7501,81000
723,아름,권,18,경상북도,016-6709-1266,260000
724,진호,안,35,경상남도,010-4515-4229,960000
725,윤서,안,29,경상북도,016-4987-7037,840
726,지혜,김,22,전라남도,011-1423-1315,820
727,지훈,권,16,경상남도,010-9241-6316,3300
728,정숙,김,37,충청북도,010-7127-8249,94000
729,진호,이,28,경상북도,011-3258-4722,61000
730,정호,박,36,경기도,010-7870-2381,36000
731,옥순,이,22,충청북도,016-3094-7230,71000
732,민지,김,17,제주특별자치도,011-9237-8623,21000
733,재호,김,15,전라남도,02-4375-8097,420000
734,혜진,김,27,전라북도,010-2513-4815,330000
735,동현,전,39,경기도,010-6049-8719,64000
736,지영,장,28,충청남도,010-6781-8352,860000
737,순자,최,24,경기도,010-9545-5581,380
738,성민,강,32,전라남도,02-8114-7873,670
739,서영,이,20,강원도,02-4607-9107,420000
740,서준,박,35,제주특별자치도,011-5457-8502,920
741,채원,김,17,경기도,010-2805-3674,5900
742,동현,황,37,경상북도,010-1800-9060,9100
743,예지,이,26,경상북도,011-7105-6699,8100
744,경숙,홍,39,경상남도,011-5257-8111,8700
745,순옥,최,34,제주특별자치도,011-5229-9216,160000
746,미영,김,33,충청북도,02-1180-2471,54000
747,민석,이,32,경상북도,011-5194-7600,4300
748,지우,손,34,경상북도,016-5953-9815,780
749,승현,김,37,충청남도,010-9236-7156,850
750,성훈,박,20,전라북도,010-2009-9637,220
751,서윤,안,29,경상남도,011-2018-8263,980000
752,경수,진,29,경상남도,02-6467-1206,66000
753,성호,권,16,경상남도,011-6999-2546,860000
754,현지,이,32,경상북도,02-7953-9759,680000
755,진호,김,40,충청남도,010-6428-1557,4100
756,은영,장,31,강원도,011-2818-2692,540000
757,재현,이,31,충청북도,02-9308-4788,250000
758,정자,김,22,충청남도,016-4835-1855,690
759,수민,박,21,전라남도,010-5295-6248,67000
760,재현,박,25,경상북도,02-2852-8768,510000
761,지연,이,31,제주특별자치도,010-3266-7804,690
762,정웅,배,35,충청북도,011-9878-4246,4200
763,예지,박,38,전라남도,010-7995-7407,380000
764,현우,김,31,강원도,011-9894-2450,7300
765,정희,송,30,경기도,016-4788-1689,210
766,성민,박,18,경기도,011-9585-9026,600000
767,서현,김,25,강원도,011-1089-5233,780000
768,준서,박,17,전라남도,010-9213-9802,9900
769,하윤,이,28,제주특별자치도,016-8187-3944,250000
770,예원,양,39,충청북도,02-7375-4397,6400
771,영미,우,22,충청북도,011-2418-8220,6100
772,수진,김,37,경상남도,010-3761-3394,5100
773,지우,황,19,경상남도,02-1124-8720,850000
774,은서,이,27,경기도,016-9076-5205,63000
775,승현,김,28,경상북도,010-4898-8175,920000
776,민재,김,28,강원도,016-7203-3438,9800
777,승현,이,19,제주특별자치도,02-6042-6799,8300
778,지혜,조,38,전라북도,010-2141-8507,15000
779,현정,강,40,강원도,010-9667-4353,6900
780,지영,이,23,경상남도,02-2262-6497,88000
781,지은,조,28,강원도,011-1039-2135,750000
782,정웅,김,34,경기도,010-5941-3571,56000
783,은지,김,25,경기도,011-6209-9077,550000
784,서윤,양,33,충청북도,010-6824-7910,730000
785,민재,오,20,전라남도,011-2524-3749,150
786,정훈,이,30,전라북도,02-7027-4322,9400
787,은경,남,27,경상남도,011-6581-9742,7200
788,종수,이,15,충청북도,010-2631-7007,6800
789,수빈,고,35,충청북도,016-8990-9494,430000
790,영철,김,39,충청북도,011-5599-2376,940
791,현숙,곽,15,충청남도,016-7423-1481,710000
792,성민,이,34,경기도,02-8952-4103,810
793,현우,김,33,충청북도,010-7378-2727,980000
794,주원,이,25,전라북도,02-2376-6526,490000
795,병철,박,28,경상남도,010-8650-7734,580
796,상현,한,36,강원도,010-8397-7756,700
797,승현,이,30,충청남도,02-1739-9241,720
798,지후,강,35,충청남도,02-8939-9522,8100
799,건우,윤,23,전라북도,010-5713-3860,36000
800,민서,김,35,전라남도,02-1091-7007,4200
801,준호,김,29,충청북도,010-3864-2519,840
802,순자,민,39,전라북도,011-2989-5397,640000
803,현우,이,35,전라남도,011-2035-9488,540000
804,정훈,이,23,전라남도,011-8072-1583,7900
805,재호,이,36,충청북도,010-3467-5247,150000
806,영호,김,39,제주특별자치도,02-4120-7819,650
807,영호,이,29,충청남도,011-8714-1900,820
808,지아,허,25,전라남도,010-8679-1685,160
809,지민,박,23,경기도,010-2393-4244,530
810,준서,이,36,경상남도,010-1809-7082,2900
811,은정,강,24,경상남도,011-9137-8396,20000
812,상현,박,29,경상남도,016-8802-5351,83000
813,지연,이,36,충청남도,016-5734-4341,7400
814,민석,최,38,전라남도,02-3000-5980,95000
815,시우,김,19,전라북도,010-9552-7256,590000
816,민서,최,32,경기도,010-2135-6090,570000
817,예은,김,18,경상북도,011-2725-6893,93000
818,지연,이,40,전라남도,010-5416-1870,32000
819,상철,심,27,충청남도,010-3155-2891,580
820,성훈,김,23,전라북도,010-3675-4586,7800
821,영일,최,34,경상남도,02-8392-2126,6400
822,현정,조,29,전라남도,02-6098-7908,280
823,지원,박,26,충청북도,016-7539-9659,55000
824,채원,손,27,제주특별자치도,011-8315-5259,2400
825,영수,이,19,전라남도,010-4105-6449,7400
826,민석,김,38,전라남도,016-5495-7861,68000
827,영철,김,20,경상북도,016-6351-5588,810000
828,영진,윤,31,충청북도,010-6348-1467,7900
829,지훈,김,31,전라북도,02-1419-4858,500
830,현숙,박,19,강원도,02-7880-8733,88000
831,승민,류,15,충청남도,011-2485-6402,2500
832,성현,김,32,경기도,02-2024-6679,330000
833,지민,손,25,충청남도,010-8313-5642,890000
834,명자,박,18,경상남도,011-8497-8246,680
835,정희,김,32,경상북도,011-5367-9765,660
836,지민,박,29,전라남도,010-5678-6356,7200
837,성호,송,22,제주특별자치도,010-5049-1289,6100
838,지민,이,33,충청북도,010-5923-5188,7800
839,민재,이,21,충청북도,010-9355-7992,18000
840,서연,안,40,경상북도,02-5336-1897,2300
841,현주,홍,22,경기도,011-3795-6599,180
842,정순,손,22,전라북도,010-4127-7193,2100
843,성호,유,15,경상북도,016-8666-4089,530
844,미영,이,33,전라북도,011-6452-4323,90000
845,하은,박,33,충청남도,010-9520-9172,820000
846,민준,김,39,경상북도,011-1108-2985,960
847,보람,한,37,충청남도,016-3666-6998,8700
848,승민,김,28,경기도,010-2919-6864,150
849,주원,강,30,전라남도,02-9807-1976,3300
850,순자,홍,28,전라북도,010-7343-8606,9100
851,은영,박,34,경상남도,016-9541-7014,320
852,진우,김,33,경기도,02-1114-4892,150
853,재호,하,31,강원도,010-4557-6346,870
854,정자,강,28,경기도,016-7450-4865,71000
855,예지,류,40,제주특별자치도,010-5092-4377,81000
856,수민,오,38,경상남도,011-2154-2650,470
857,성훈,홍,35,경상북도,016-7311-9631,73000
858,진호,이,21,충청북도,016-3022-7292,860
859,지아,윤,27,강원도,016-7121-8663,7300
860,은정,황,17,전라남도,02-5773-7460,1000000
861,현우,박,31,경기도,02-1251-8960,370
862,영미,최,19,충청남도,010-9380-9266,150000
863,영일,이,25,전라북도,011-7921-6052,480000
864,준서,장,38,경기도,016-7419-2213,36000
865,영환,황,34,충청남도,010-7592-7190,300000
866,영일,권,38,전라남도,02-1906-2393,400
867,성현,김,23,충청북도,011-9681-7594,22000
868,현지,김,20,제주특별자치도,02-9226-3671,870
869,진호,이,34,경상남도,02-2018-8484,5200
870,아름,김,21,충청북도,016-9758-1956,690000
871,정호,김,31,경기도,02-5460-5592,980
872,정자,이,17,전라남도,016-1671-3781,77000
873,서현,김,22,강원도,011-2731-9152,98000
874,정훈,김,40,충청북도,02-7783-9556,5000
875,현우,이,33,전라남도,011-6579-8137,7300
876,도윤,김,39,전라북도,010-2134-9367,160000
877,민재,이,25,제주특별자치도,011-8821-3174,62000
878,아름,최,36,충청남도,016-3287-4192,59000
879,성수,우,26,충청북도,010-4547-6900,210000
880,병철,박,40,전라북도,011-2795-6331,810000
881,영길,양,31,전라남도,02-6745-3346,3200
882,지후,한,23,제주특별자치도,010-8308-2322,83000
883,옥순,김,35,제주특별자치도,010-2615-3691,53000
884,서연,서,39,경기도,016-8201-3185,85000
885,재현,최,22,전라남도,016-3524-6344,420000
886,영미,이,35,제주특별자치도,016-6064-7783,2000
887,민준,이,36,강원도,010-2850-7994,800
888,예은,박,39,경상북도,016-8225-6366,8100
889,현지,엄,22,제주특별자치도,016-8784-8075,1000
890,예준,이,23,경기도,02-3427-7174,860000
891,지우,이,28,전라북도,016-5669-6824,9700
892,서준,김,16,충청북도,02-1750-1492,170
893,성훈,홍,30,충청북도,02-8025-6782,4900
894,예진,박,40,제주특별자치도,016-5931-4636,740
895,선영,백,20,전라남도,016-8556-7058,320000
896,예원,김,18,경상북도,011-4756-2924,870000
897,윤서,한,33,경기도,02-3849-1125,5400
898,은서,김,38,전라북도,011-9383-6244,900
899,민수,김,16,충청북도,011-4974-7441,940000
900,재호,박,39,충청남도,02-7864-9913,7900
901,미경,안,19,충청남도,011-8127-7734,85000
902,영수,김,34,충청북도,010-6210-5336,1000000
903,재호,한,29,전라북도,011-4391-3617,660
904,지우,김,40,충청남도,011-7630-3983,720
905,정웅,박,16,충청북도,02-1513-9737,440
906,정웅,배,30,충청북도,011-1098-1050,24000
907,정숙,최,33,강원도,016-5288-2734,41000
908,정훈,이,36,경상남도,011-5663-3425,98000
909,준호,박,31,충청북도,011-5457-7572,500000
910,정희,김,38,경상북도,011-4237-5082,67000
911,수빈,이,19,강원도,016-4115-3729,6000
912,준영,황,16,강원도,02-1030-5139,6500
913,정남,허,25,경상북도,011-2737-2293,1000000
914,영환,조,22,강원도,010-7902-4590,9600
915,유진,박,15,전라남도,010-6407-8442,6700
916,영자,최,32,전라남도,011-9554-6703,29000
917,서윤,심,26,경상남도,011-9036-7346,410
918,지원,이,38,충청북도,016-7814-1008,210
919,준서,백,19,경상북도,016-5713-3570,8800
920,승현,박,21,전라남도,011-7716-6060,360000
921,은경,김,25,전라북도,02-4925-3824,23000
922,성훈,이,31,경상북도,02-9961-6431,3500
923,현지,김,22,충청남도,011-3577-5854,970000
924,혜진,홍,27,강원도,011-6884-8123,3500
925,민지,박,29,강원도,011-6560-9913,7700
926,상호,김,22,충청북도,02-2490-3973,320
927,민석,장,33,전라남도,010-6800-7846,890
928,정수,이,23,강원도,011-2830-6840,8300
929,경숙,황,17,경상남도,02-3893-9315,650
930,재현,홍,15,경상남도,016-7969-7941,46000
931,민석,김,39,경기도,010-9873-3678,940000
932,영진,주,16,경상남도,010-6670-9252,39000
933,상호,김,24,전라남도,016-2917-2570,150000
934,춘자,황,28,충청남도,02-9487-5755,6900
935,상호,이,15,강원도,010-3611-9776,310000
936,서윤,윤,16,전라남도,011-5387-2218,230000
937,명자,노,18,전라남도,016-1407-3874,410000
938,시우,박,18,충청남도,011-2901-3658,280
939,준호,최,22,충청남도,011-2468-2617,320
940,상철,최,34,경상남도,011-3485-7441,760
941,지원,김,17,전라북도,010-8795-6053,20000
942,준서,김,24,경기도,016-8110-3186,980
943,영일,이,18,전라남도,011-7247-1004,85000
944,주원,김,27,제주특별자치도,011-2635-4395,73000
945,윤서,이,21,충청북도,02-7947-5475,720000
946,영순,김,22,강원도,010-7532-4717,190000
947,영숙,이,19,전라남도,010-7810-7052,920000
948,성민,김,38,전라남도,011-8874-7726,700
949,은경,이,25,제주특별자치도,011-8392-9003,4900
950,민재,한,25,경기도,010-7364-7426,54000
951,지우,한,27,충청북도,016-4508-2227,91000
952,성수,최,27,강원도,011-8311-8083,380000
953,정희,심,38,강원도,011-6531-1295,75000
954,현준,유,28,제주특별자치도,016-7847-9551,36000
955,재현,최,16,충청남도,011-7891-8497,700000
956,정순,김,31,경기도,016-8218-7883,330000
957,민석,김,23,경상남도,010-3386-7225,590000
958,민준,한,25,충청북도,011-6639-9833,15000
959,영미,박,33,제주특별자치도,016-4930-7555,4500
960,경숙,김,39,전라북도,011-4361-4923,730000
961,민준,오,26,제주특별자치도,010-4369-9882,2700
962,옥순,김,29,경상남도,02-9694-4466,73000
963,은지,강,28,강원도,016-7032-5035,350000
964,예지,김,39,충청남도,02-2863-6429,800000
965,영식,김,25,전라남도,02-4889-6204,270
966,혜진,김,34,충청남도,02-9609-4253,680
967,미숙,홍,15,충청남도,02-9241-4988,450
968,현주,하,20,경상남도,010-5256-4564,8400
969,민지,김,15,경기도,016-2600-9792,230
970,재호,김,33,충청남도,02-9924-1527,360
971,정숙,김,15,경상남도,011-4693-3503,9300
972,수빈,이,21,제주특별자치도,016-6137-7319,470
973,정식,김,15,충청남도,02-5538-3528,160000
974,성민,김,22,전라북도,016-9891-7771,960
975,준서,김,32,경상북도,02-6617-3543,62000
976,민수,박,37,충청북도,011-5418-4931,740
977,정남,박,17,충청남도,02-1230-2269,89000
978,선영,박,25,경상북도,011-1464-5412,530
979,영진,이,19,전라남도,016-3383-4350,640
980,예원,이,33,전라남도,010-6285-5699,77000
981,광수,장,18,제주특별자치도,02-4566-1764,930000
982,정호,이,30,전라북도,011-5616-6533,190000
983,춘자,고,24,충청남도,010-6400-6730,800
984,순자,이,39,경상남도,011-1573-2463,530
985,선영,장,35,전라북도,010-2357-5281,17000
986,수빈,임,34,제주특별자치도,016-2457-1505,32000
987,준영,이,21,충청북도,02-2685-2468,200
988,성수,김,19,제주특별자치도,010-6959-1816,560
989,지현,이,35,전라북도,010-2984-2421,1800
990,숙자,이,25,경기도,010-5323-7338,960000
991,정식,오,29,경상북도,011-2530-6710,420000
992,경수,김,39,전라남도,011-4344-6657,3700
993,명자,이,37,제주특별자치도,010-4359-8236,280
994,영수,성,15,강원도,011-5319-7944,260
995,승현,김,20,경기도,011-1954-7183,930
996,지연,이,29,경상남도,016-7945-6460,210
997,경수,최,33,충청남도,011-2783-3991,85000
998,시우,고,15,제주특별자치도,016-3732-8726,270
999,성호,최,28,충청북도,010-5772-9832,6700
1000,예은,장,31,경기도,016-5653-5019,8400
